<?xml version="1.0" encoding="UTF-8"?>
<metadata xml:lang="en"><Esri><CreaDate>20200620</CreaDate><CreaTime>20030600</CreaTime><ArcGISFormat>1.0</ArcGISFormat><SyncOnce>FALSE</SyncOnce><DataProperties><lineage><Process ToolSource="c:\program files\arcgis\pro\Resources\ArcToolbox\toolboxes\Data Management Tools.tbx\CopyFeatures" Date="20200426" Time="150905">CopyFeatures segments_LCoast_lyr C:/Users/rajaoberison/Documents/ArcGIS.tmp/branford/circa/seawall/100yr\segments_100yr.shp # # # #</Process><Process ToolSource="c:\program files\arcgis\pro\Resources\ArcToolbox\toolboxes\Data Management Tools.tbx\DeleteField" Date="20200426" Time="150905">DeleteField C:/Users/rajaoberison/Documents/ArcGIS.tmp/branford/circa/seawall/100yr\segments_100yr.shp Join_Count</Process><Process ToolSource="c:\program files\arcgis\pro\Resources\ArcToolbox\toolboxes\Data Management Tools.tbx\DeleteField" Date="20200426" Time="150905">DeleteField C:/Users/rajaoberison/Documents/ArcGIS.tmp/branford/circa/seawall/100yr\segments_100yr.shp TARGET_FID</Process><Process ToolSource="c:\program files\arcgis\pro\Resources\ArcToolbox\toolboxes\Data Management Tools.tbx\DeleteField" Date="20200426" Time="150905">DeleteField C:/Users/rajaoberison/Documents/ArcGIS.tmp/branford/circa/seawall/100yr\segments_100yr.shp FID_1</Process><Process ToolSource="c:\program files\arcgis\pro\Resources\ArcToolbox\toolboxes\Data Management Tools.tbx\DeleteField" Date="20200426" Time="150905">DeleteField C:/Users/rajaoberison/Documents/ArcGIS.tmp/branford/circa/seawall/100yr\segments_100yr.shp Join_Cou_1</Process><Process ToolSource="c:\program files\arcgis\pro\Resources\ArcToolbox\toolboxes\Data Management Tools.tbx\DeleteField" Date="20200426" Time="150905">DeleteField C:/Users/rajaoberison/Documents/ArcGIS.tmp/branford/circa/seawall/100yr\segments_100yr.shp TARGET_F_1</Process><Process ToolSource="c:\program files\arcgis\pro\Resources\ArcToolbox\toolboxes\Data Management Tools.tbx\DeleteField" Date="20200426" Time="150905">DeleteField C:/Users/rajaoberison/Documents/ArcGIS.tmp/branford/circa/seawall/100yr\segments_100yr.shp Id_1</Process><Process ToolSource="c:\program files\arcgis\pro\Resources\ArcToolbox\toolboxes\Data Management Tools.tbx\FeatureToPolygon" Date="20200427" Time="022743">FeatureToPolygon segments_100yr;'C:\Users\rajaoberison\Dropbox (Yale_FES)\Windows\swtbx\Data\CT Towns\branford_data\circa\lowlands\raw-lowlands-100yr.shp';all C:\Users\rajaoberison\Documents\ArcGIS\Projects\MyProject.gdb\segments_100yr_FeatureToPoly # NO_ATTRIBUTES #</Process><Process ToolSource="c:\program files\arcgis\pro\Resources\ArcToolbox\toolboxes\Data Management Tools.tbx\DeleteField" Date="20200427" Time="023143">DeleteField segments_100yr_FeatureToPoly FID_segments_100yr</Process><Process ToolSource="c:\program files\arcgis\pro\Resources\ArcToolbox\toolboxes\Data Management Tools.tbx\DeleteField" Date="20200427" Time="023149">DeleteField segments_100yr_FeatureToPoly L_Coast</Process><Process ToolSource="c:\program files\arcgis\pro\Resources\ArcToolbox\toolboxes\Data Management Tools.tbx\UpdateSchema" Date="20200427" Time="023328">UpdateSchema "CIMDATA=&lt;CIMStandardDataConnection xsi:type='typens:CIMStandardDataConnection' xmlns:xsi='http://www.w3.org/2001/XMLSchema-instance' xmlns:xs='http://www.w3.org/2001/XMLSchema' xmlns:typens='http://www.esri.com/schemas/ArcGIS/2.4.0'&gt;&lt;WorkspaceConnectionString&gt;DATABASE=C:\Users\rajaoberison\Documents\ArcGIS\Projects\MyProject.gdb&lt;/WorkspaceConnectionString&gt;&lt;WorkspaceFactory&gt;FileGDB&lt;/WorkspaceFactory&gt;&lt;Dataset&gt;segments_100yr_FeatureToPoly&lt;/Dataset&gt;&lt;DatasetType&gt;esriDTFeatureClass&lt;/DatasetType&gt;&lt;/CIMStandardDataConnection&gt;" &lt;operationSequence&gt;&lt;workflow&gt;&lt;DeleteField&gt;&lt;field_name&gt;AOI_Length&lt;/field_name&gt;&lt;field_name&gt;FID_raw_lowlands_100yr&lt;/field_name&gt;&lt;field_name&gt;Id_1&lt;/field_name&gt;&lt;field_name&gt;gridcode&lt;/field_name&gt;&lt;/DeleteField&gt;&lt;/workflow&gt;&lt;workflow&gt;&lt;AddField&gt;&lt;field_name&gt;Zone&lt;/field_name&gt;&lt;field_type&gt;LONG&lt;/field_type&gt;&lt;field_alias&gt;Zone&lt;/field_alias&gt;&lt;field_is_nullable&gt;True&lt;/field_is_nullable&gt;&lt;field_is_required&gt;False&lt;/field_is_required&gt;&lt;/AddField&gt;&lt;/workflow&gt;&lt;workflow&gt;&lt;AddField&gt;&lt;field_name&gt;ScenDesc&lt;/field_name&gt;&lt;field_type&gt;TEXT&lt;/field_type&gt;&lt;field_length&gt;255&lt;/field_length&gt;&lt;field_alias&gt;ScenDesc&lt;/field_alias&gt;&lt;field_is_nullable&gt;True&lt;/field_is_nullable&gt;&lt;field_is_required&gt;False&lt;/field_is_required&gt;&lt;/AddField&gt;&lt;/workflow&gt;&lt;/operationSequence&gt;</Process><Process ToolSource="c:\program files\arcgis\pro\Resources\ArcToolbox\toolboxes\Data Management Tools.tbx\DeleteField" Date="20200427" Time="024224">DeleteField segments_100yr_FeatureToPoly Zone</Process><Process ToolSource="c:\program files\arcgis\pro\Resources\ArcToolbox\toolboxes\Data Management Tools.tbx\DeleteField" Date="20200427" Time="025515">DeleteField segments_100yr_FeatureToPoly ScenDesc</Process><Process ToolSource="c:\program files\arcgis\pro\Resources\ArcToolbox\toolboxes\Conversion Tools.tbx\FeatureClassToFeatureClass" Date="20200427" Time="030249">FeatureClassToFeatureClass segments_100yr_FeatureToPoly C:\Users\rajaoberison\Documents\ArcGIS\Projects\MyProject.gdb fl_04_11 # "Id "Id" true true false 4 Long 0 0,First,#,segments_100yr_FeatureToPoly,Id,-1,-1;Shape_Length "Shape_Length" false true true 8 Double 0 0,First,#,segments_100yr_FeatureToPoly,Shape_Length,-1,-1;Shape_Area "Shape_Area" false true true 8 Double 0 0,First,#,segments_100yr_FeatureToPoly,Shape_Area,-1,-1" #</Process><Process ToolSource="c:\program files\arcgis\pro\Resources\ArcToolbox\toolboxes\Data Management Tools.tbx\Dissolve" Date="20200427" Time="030406">Dissolve fl_04_11 C:\Users\rajaoberison\Documents\ArcGIS\Projects\MyProject.gdb\fl_04_11_Dissolve Id # MULTI_PART DISSOLVE_LINES</Process><Process ToolSource="c:\program files\arcgis\pro\Resources\ArcToolbox\toolboxes\Conversion Tools.tbx\FeatureClassToFeatureClass" Date="20200427" Time="030708">FeatureClassToFeatureClass fl_04_11_Dissolve C:\Users\rajaoberison\Documents\ArcGIS\Projects\MyProject.gdb fl_04_99 # "Id "Id" true true false 4 Long 0 0,First,#,fl_04_11_Dissolve,Id,-1,-1;Shape_Length "Shape_Length" false true true 8 Double 0 0,First,#,fl_04_11_Dissolve,Shape_Length,-1,-1;Shape_Area "Shape_Area" false true true 8 Double 0 0,First,#,fl_04_11_Dissolve,Shape_Area,-1,-1" #</Process><Process ToolSource="c:\program files\arcgis\pro\Resources\ArcToolbox\toolboxes\Data Management Tools.tbx\Append" Date="20200427" Time="030753">Append fl_04_11_Dissolve;fl_04_21_Dissolve fl_04_99 "Input schema must match target schema" # # #</Process><Process ToolSource="c:\program files\arcgis\pro\Resources\ArcToolbox\toolboxes\Data Management Tools.tbx\UpdateSchema" Date="20200427" Time="030819">UpdateSchema "CIMDATA=&lt;CIMStandardDataConnection xsi:type='typens:CIMStandardDataConnection' xmlns:xsi='http://www.w3.org/2001/XMLSchema-instance' xmlns:xs='http://www.w3.org/2001/XMLSchema' xmlns:typens='http://www.esri.com/schemas/ArcGIS/2.4.0'&gt;&lt;WorkspaceConnectionString&gt;DATABASE=C:\Users\rajaoberison\Documents\ArcGIS\Projects\MyProject.gdb&lt;/WorkspaceConnectionString&gt;&lt;WorkspaceFactory&gt;FileGDB&lt;/WorkspaceFactory&gt;&lt;Dataset&gt;fl_04_99&lt;/Dataset&gt;&lt;DatasetType&gt;esriDTFeatureClass&lt;/DatasetType&gt;&lt;/CIMStandardDataConnection&gt;" &lt;operationSequence&gt;&lt;workflow&gt;&lt;AddField&gt;&lt;field_name&gt;ScenDesc&lt;/field_name&gt;&lt;field_type&gt;TEXT&lt;/field_type&gt;&lt;field_length&gt;255&lt;/field_length&gt;&lt;field_alias&gt;ScenDesc&lt;/field_alias&gt;&lt;field_is_nullable&gt;True&lt;/field_is_nullable&gt;&lt;field_is_required&gt;False&lt;/field_is_required&gt;&lt;/AddField&gt;&lt;/workflow&gt;&lt;/operationSequence&gt;</Process><Process ToolSource="c:\program files\arcgis\pro\Resources\ArcToolbox\toolboxes\Conversion Tools.tbx\FeatureClassToFeatureClass" Date="20200427" Time="030919">FeatureClassToFeatureClass fl_04_99 C:\Users\rajaoberison\Documents\ArcGIS.tmp\branford\circa\project-04 floodplain-04.shp # "Id "Id" true true false 4 Long 0 0,First,#,fl_04_99,Id,-1,-1;ScenDesc "ScenDesc" true true false 255 Text 0 0,First,#,fl_04_99,ScenDesc,0,255" #</Process><Process ToolSource="c:\program files\arcgis\pro\Resources\ArcToolbox\toolboxes\Data Management Tools.tbx\CopyMultiple" Date="20200525" Time="211225">CopyMultiple "C:\Users\rajaoberison\Documents\ArcGIS.tmp\branford\circa\project-04\floodplain-04.shp shapefile_polygon;C:\Users\rajaoberison\Documents\ArcGIS.tmp\branford\circa\project-04\rd-04.shp shapefile_line;C:\Users\rajaoberison\Documents\ArcGIS.tmp\branford\circa\project-04\sg-04.shp shapefile_line;C:\Users\rajaoberison\Documents\ArcGIS.tmp\branford\circa\project-04\sw-04.shp shapefile_line" C:\Users\rajaoberison\Documents\ArcGIS.tmp\branford\state\project-02 floodplain-04;rd-04;sg-04;sw-04 "floodplain-04 FeatureClass floodplain-04.shp #;rd-04 FeatureClass rd-04.shp #;sg-04 FeatureClass sg-04.shp #;sw-04 FeatureClass sw-04.shp #"</Process><Process ToolSource="c:\program files\arcgis\pro\Resources\ArcToolbox\toolboxes\Data Management Tools.tbx\Rename" Date="20200525" Time="211242">Rename C:\Users\rajaoberison\Documents\ArcGIS.tmp\branford\state\project-02\floodplain-04.shp C:\Users\rajaoberison\Documents\ArcGIS.tmp\branford\state\project-02\floodplain-02.shp ShapeFile</Process><Process ToolSource="c:\program files\arcgis\pro\Resources\ArcToolbox\toolboxes\Data Management Tools.tbx\Rename" Date="20200526" Time="013508">Rename C:\Users\rajaoberison\Documents\ArcGIS.tmp\branford\state\project-04\floodplain-02.shp C:\Users\rajaoberison\Documents\ArcGIS.tmp\branford\state\project-04\floodplain-04.shp ShapeFile</Process><Process ToolSource="c:\program files\arcgis\pro\Resources\ArcToolbox\Toolboxes\Data Management Tools.tbx\CopyMultiple" Date="20200620" Time="200306">CopyMultiple "C:\Users\rajaoberison\Documents\ArcGIS.tmp\branford\circa\project-04\floodplain-04.shp shapefile_polygon;C:\Users\rajaoberison\Documents\ArcGIS.tmp\branford\circa\project-04\rd-04.shp shapefile_line;C:\Users\rajaoberison\Documents\ArcGIS.tmp\branford\circa\project-04\sg-04.shp shapefile_line;C:\Users\rajaoberison\Documents\ArcGIS.tmp\branford\circa\project-04\sw-04.shp shapefile_line" C:\Users\rajaoberison\Documents\ArcGIS.tmp\tutorial\templates floodplain-04;rd-04;sg-04;sw-04 "floodplain-04 FeatureClass floodplain-04.shp #;rd-04 FeatureClass rd-04.shp #;sg-04 FeatureClass sg-04.shp #;sw-04 FeatureClass sw-04.shp #"</Process><Process ToolSource="c:\program files\arcgis\pro\Resources\ArcToolbox\Toolboxes\Data Management Tools.tbx\DeleteField" Date="20200620" Time="201630">DeleteField floodplain-04 ScenDesc</Process><Process ToolSource="c:\program files\arcgis\pro\Resources\ArcToolbox\Toolboxes\Data Management Tools.tbx\Rename" Date="20200620" Time="201743">Rename C:\Users\rajaoberison\Documents\ArcGIS.tmp\tutorial\templates\floodplain-04.shp C:\Users\rajaoberison\Documents\ArcGIS.tmp\tutorial\templates\floodplain.shp ShapeFile</Process><Process ToolSource="c:\program files\arcgis\pro\Resources\ArcToolbox\Toolboxes\Data Management Tools.tbx\Rename" Date="20200620" Time="201812">Rename C:\Users\rajaoberison\Documents\ArcGIS.tmp\tutorial\templates\floodplain.shp C:\Users\rajaoberison\Documents\ArcGIS.tmp\tutorial\templates\fp.shp ShapeFile</Process></lineage><itemProps><itemName Sync="TRUE">floodplain-04</itemName><imsContentType Sync="TRUE">002</imsContentType><itemLocation><linkage Sync="TRUE">file://\\ARISLAND120619\C$\Users\rajaoberison\Documents\ArcGIS.tmp\tutorial\templates\floodplain-04</linkage><protocol Sync="TRUE">Local Area Network</protocol></itemLocation><itemSize Sync="TRUE">0.000</itemSize></itemProps><coordRef><type Sync="TRUE">Projected</type><geogcsn Sync="TRUE">GCS_NAD_1983_2011</geogcsn><csUnits Sync="TRUE">Linear Unit: Foot_US (0.304801)</csUnits><projcsn Sync="TRUE">NAD_1983_2011_StatePlane_Connecticut_FIPS_0600_Ft_US</projcsn><peXml Sync="TRUE">&lt;ProjectedCoordinateSystem xsi:type='typens:ProjectedCoordinateSystem' xmlns:xsi='http://www.w3.org/2001/XMLSchema-instance' xmlns:xs='http://www.w3.org/2001/XMLSchema' xmlns:typens='http://www.esri.com/schemas/ArcGIS/2.4.0'&gt;&lt;WKT&gt;PROJCS[&amp;quot;NAD_1983_2011_StatePlane_Connecticut_FIPS_0600_Ft_US&amp;quot;,GEOGCS[&amp;quot;GCS_NAD_1983_2011&amp;quot;,DATUM[&amp;quot;D_NAD_1983_2011&amp;quot;,SPHEROID[&amp;quot;GRS_1980&amp;quot;,6378137.0,298.257222101]],PRIMEM[&amp;quot;Greenwich&amp;quot;,0.0],UNIT[&amp;quot;Degree&amp;quot;,0.0174532925199433]],PROJECTION[&amp;quot;Lambert_Conformal_Conic&amp;quot;],PARAMETER[&amp;quot;False_Easting&amp;quot;,999999.999996],PARAMETER[&amp;quot;False_Northing&amp;quot;,499999.999998],PARAMETER[&amp;quot;Central_Meridian&amp;quot;,-72.75],PARAMETER[&amp;quot;Standard_Parallel_1&amp;quot;,41.2],PARAMETER[&amp;quot;Standard_Parallel_2&amp;quot;,41.86666666666667],PARAMETER[&amp;quot;Latitude_Of_Origin&amp;quot;,40.83333333333334],UNIT[&amp;quot;Foot_US&amp;quot;,0.3048006096012192]],VERTCS[&amp;quot;NAVD_1988&amp;quot;,VDATUM[&amp;quot;North_American_Vertical_Datum_1988&amp;quot;],PARAMETER[&amp;quot;Vertical_Shift&amp;quot;,0.0],PARAMETER[&amp;quot;Direction&amp;quot;,1.0],UNIT[&amp;quot;Foot_US&amp;quot;,0.3048006096012192]]&lt;/WKT&gt;&lt;XOrigin&gt;-119756300&lt;/XOrigin&gt;&lt;YOrigin&gt;-96342500&lt;/YOrigin&gt;&lt;XYScale&gt;37294945.500735737&lt;/XYScale&gt;&lt;ZOrigin&gt;-100000&lt;/ZOrigin&gt;&lt;ZScale&gt;3048.0060960121923&lt;/ZScale&gt;&lt;MOrigin&gt;-100000&lt;/MOrigin&gt;&lt;MScale&gt;10000&lt;/MScale&gt;&lt;XYTolerance&gt;0.0032808333333333331&lt;/XYTolerance&gt;&lt;ZTolerance&gt;0.0032808333333333331&lt;/ZTolerance&gt;&lt;MTolerance&gt;0.001&lt;/MTolerance&gt;&lt;HighPrecision&gt;true&lt;/HighPrecision&gt;&lt;WKID&gt;103016&lt;/WKID&gt;&lt;LatestWKID&gt;6434&lt;/LatestWKID&gt;&lt;/ProjectedCoordinateSystem&gt;</peXml></coordRef><copyHistory><copy source="C:\Users\rajaoberison\Documents\ArcGIS.tmp\branford\circa\project-04\floodplain-04" dest="\\ARISLAND120619\C$\Users\rajaoberison\Documents\ArcGIS.tmp\tutorial\templates\floodplain-04" date="20200620" time="20030600"></copy></copyHistory></DataProperties><SyncDate>20200427</SyncDate><SyncTime>03091900</SyncTime><ModDate>20200427</ModDate><ModTime>03091900</ModTime></Esri><dataIdInfo><envirDesc Sync="TRUE">Microsoft Windows 10 Version 10.0 (Build 18363) ; Esri ArcGIS 12.4.0.19948</envirDesc><dataLang><languageCode value="eng" Sync="TRUE"></languageCode><countryCode value="USA" Sync="TRUE"></countryCode></dataLang><idCitation><resTitle Sync="TRUE">floodplain-04</resTitle><presForm><PresFormCd value="005" Sync="TRUE"></PresFormCd></presForm></idCitation><spatRpType><SpatRepTypCd value="001" Sync="TRUE"></SpatRepTypCd></spatRpType></dataIdInfo><mdLang><languageCode value="eng" Sync="TRUE"></languageCode><countryCode value="USA" Sync="TRUE"></countryCode></mdLang><distInfo><distFormat><formatName Sync="TRUE">Shapefile</formatName></distFormat><distTranOps><transSize Sync="TRUE">0.000</transSize></distTranOps></distInfo><mdHrLv><ScopeCd value="005" Sync="TRUE"></ScopeCd></mdHrLv><mdHrLvName Sync="TRUE">dataset</mdHrLvName><refSysInfo><RefSystem><refSysID><identCode code="6434" Sync="TRUE"></identCode><idCodeSpace Sync="TRUE">EPSG</idCodeSpace><idVersion Sync="TRUE">8.2.10(10.3.1)</idVersion></refSysID></RefSystem></refSysInfo><spatRepInfo><VectSpatRep><geometObjs Name="floodplain-04"><geoObjTyp><GeoObjTypCd value="002" Sync="TRUE"></GeoObjTypCd></geoObjTyp><geoObjCnt Sync="TRUE">0</geoObjCnt></geometObjs><topLvl><TopoLevCd value="001" Sync="TRUE"></TopoLevCd></topLvl></VectSpatRep></spatRepInfo><spdoinfo><ptvctinf><esriterm Name="floodplain-04"><efeatyp Sync="TRUE">Simple</efeatyp><efeageom code="4" Sync="TRUE"></efeageom><esritopo Sync="TRUE">FALSE</esritopo><efeacnt Sync="TRUE">0</efeacnt><spindex Sync="TRUE">FALSE</spindex><linrefer Sync="TRUE">FALSE</linrefer></esriterm></ptvctinf></spdoinfo><eainfo><detailed Name="floodplain-04"><enttyp><enttypl Sync="TRUE">floodplain-04</enttypl><enttypt Sync="TRUE">Feature Class</enttypt><enttypc Sync="TRUE">0</enttypc></enttyp><attr><attrlabl Sync="TRUE">FID</attrlabl><attalias Sync="TRUE">FID</attalias><attrtype Sync="TRUE">OID</attrtype><attwidth Sync="TRUE">4</attwidth><atprecis Sync="TRUE">0</atprecis><attscale Sync="TRUE">0</attscale><attrdef Sync="TRUE">Internal feature number.</attrdef><attrdefs Sync="TRUE">Esri</attrdefs><attrdomv><udom Sync="TRUE">Sequential unique whole numbers that are automatically generated.</udom></attrdomv></attr><attr><attrlabl Sync="TRUE">Shape</attrlabl><attalias Sync="TRUE">Shape</attalias><attrtype Sync="TRUE">Geometry</attrtype><attwidth Sync="TRUE">0</attwidth><atprecis Sync="TRUE">0</atprecis><attscale Sync="TRUE">0</attscale><attrdef Sync="TRUE">Feature geometry.</attrdef><attrdefs Sync="TRUE">Esri</attrdefs><attrdomv><udom Sync="TRUE">Coordinates defining the features.</udom></attrdomv></attr><attr><attrlabl Sync="TRUE">Id</attrlabl><attalias Sync="TRUE">Id</attalias><attrtype Sync="TRUE">Integer</attrtype><attwidth Sync="TRUE">10</attwidth><atprecis Sync="TRUE">10</atprecis><attscale Sync="TRUE">0</attscale></attr><attr><attrlabl Sync="TRUE">ScenDesc</attrlabl><attalias Sync="TRUE">ScenDesc</attalias><attrtype Sync="TRUE">String</attrtype><attwidth Sync="TRUE">254</attwidth><atprecis Sync="TRUE">0</atprecis><attscale Sync="TRUE">0</attscale></attr></detailed></eainfo><mdDateSt Sync="TRUE">20200427</mdDateSt></metadata>
