<?xml version="1.0" encoding="UTF-8"?>
<metadata xml:lang="en"><Esri><CreaDate>20200620</CreaDate><CreaTime>20030600</CreaTime><ArcGISFormat>1.0</ArcGISFormat><SyncOnce>FALSE</SyncOnce><DataProperties><itemProps><itemName Sync="TRUE">sw-04</itemName><imsContentType Sync="TRUE">002</imsContentType><itemSize Sync="TRUE">0.000</itemSize><itemLocation><linkage Sync="TRUE">file://\\ARISLAND120619\C$\Users\rajaoberison\Documents\ArcGIS.tmp\tutorial\templates\sw-04</linkage><protocol Sync="TRUE">Local Area Network</protocol></itemLocation></itemProps><coordRef><type Sync="TRUE">Projected</type><geogcsn Sync="TRUE">GCS_NAD_1983_2011</geogcsn><csUnits Sync="TRUE">Linear Unit: Foot_US (0.304801)</csUnits><projcsn Sync="TRUE">NAD_1983_2011_StatePlane_Connecticut_FIPS_0600_Ft_US</projcsn><peXml Sync="TRUE">&lt;ProjectedCoordinateSystem xsi:type='typens:ProjectedCoordinateSystem' xmlns:xsi='http://www.w3.org/2001/XMLSchema-instance' xmlns:xs='http://www.w3.org/2001/XMLSchema' xmlns:typens='http://www.esri.com/schemas/ArcGIS/2.4.0'&gt;&lt;WKT&gt;PROJCS[&amp;quot;NAD_1983_2011_StatePlane_Connecticut_FIPS_0600_Ft_US&amp;quot;,GEOGCS[&amp;quot;GCS_NAD_1983_2011&amp;quot;,DATUM[&amp;quot;D_NAD_1983_2011&amp;quot;,SPHEROID[&amp;quot;GRS_1980&amp;quot;,6378137.0,298.257222101]],PRIMEM[&amp;quot;Greenwich&amp;quot;,0.0],UNIT[&amp;quot;Degree&amp;quot;,0.0174532925199433]],PROJECTION[&amp;quot;Lambert_Conformal_Conic&amp;quot;],PARAMETER[&amp;quot;False_Easting&amp;quot;,999999.999996],PARAMETER[&amp;quot;False_Northing&amp;quot;,499999.999998],PARAMETER[&amp;quot;Central_Meridian&amp;quot;,-72.75],PARAMETER[&amp;quot;Standard_Parallel_1&amp;quot;,41.2],PARAMETER[&amp;quot;Standard_Parallel_2&amp;quot;,41.86666666666667],PARAMETER[&amp;quot;Latitude_Of_Origin&amp;quot;,40.83333333333334],UNIT[&amp;quot;Foot_US&amp;quot;,0.3048006096012192]],VERTCS[&amp;quot;NAVD_1988&amp;quot;,VDATUM[&amp;quot;North_American_Vertical_Datum_1988&amp;quot;],PARAMETER[&amp;quot;Vertical_Shift&amp;quot;,0.0],PARAMETER[&amp;quot;Direction&amp;quot;,1.0],UNIT[&amp;quot;Foot_US&amp;quot;,0.3048006096012192]]&lt;/WKT&gt;&lt;XOrigin&gt;-119756300&lt;/XOrigin&gt;&lt;YOrigin&gt;-96342500&lt;/YOrigin&gt;&lt;XYScale&gt;37294945.500735737&lt;/XYScale&gt;&lt;ZOrigin&gt;-100000&lt;/ZOrigin&gt;&lt;ZScale&gt;3048.0060960121923&lt;/ZScale&gt;&lt;MOrigin&gt;-100000&lt;/MOrigin&gt;&lt;MScale&gt;10000&lt;/MScale&gt;&lt;XYTolerance&gt;0.0032808333333333331&lt;/XYTolerance&gt;&lt;ZTolerance&gt;0.0032808333333333331&lt;/ZTolerance&gt;&lt;MTolerance&gt;0.001&lt;/MTolerance&gt;&lt;HighPrecision&gt;true&lt;/HighPrecision&gt;&lt;WKID&gt;103016&lt;/WKID&gt;&lt;LatestWKID&gt;6434&lt;/LatestWKID&gt;&lt;/ProjectedCoordinateSystem&gt;</peXml></coordRef><lineage><Process ToolSource="c:\program files\arcgis\pro\Resources\ArcToolbox\toolboxes\Data Management Tools.tbx\CopyFeatures" Date="20200426" Time="145614">CopyFeatures in_memory/wall0_4pt5 C:/Users/rajaoberison/Documents/ArcGIS.tmp/branford/circa/seawall/100yr\wall_by_default_4pt5.shp # # # #</Process><Process ToolSource="c:\program files\arcgis\pro\Resources\ArcToolbox\toolboxes\Data Management Tools.tbx\FeatureToLine" Date="20200426" Time="150856">FeatureToLine C:/Users/rajaoberison/Documents/ArcGIS.tmp/branford/circa/seawall/100yr\wall_by_default_4pt5.shp;C:/Users/rajaoberison/Documents/ArcGIS.tmp/branford/circa/seawall/100yr\extra_wall.shp;C:/Users/rajaoberison/Documents/ArcGIS.tmp/branford/circa/seawall/100yr\wall_bbox.shp;C:/Users/rajaoberison/Documents/ArcGIS.tmp/branford/circa/seawall/100yr\r_cleaner_lines.shp C:/Users/rajaoberison/Documents/ArcGIS.tmp/branford/circa/seawall/100yr\wall_data.shp # NO_ATTRIBUTES</Process><Process ToolSource="c:\program files\arcgis\pro\Resources\ArcToolbox\toolboxes\Data Management Tools.tbx\SplitLineAtPoint" Date="20200426" Time="150857">SplitLineAtPoint C:/Users/rajaoberison/Documents/ArcGIS.tmp/branford/circa/seawall/100yr\wall_data.shp C:/Users/rajaoberison/Documents/ArcGIS.tmp/branford/circa/seawall/100yr\wall_points.shp C:/Users/rajaoberison/Documents/ArcGIS.tmp/branford/circa/seawall/100yr\walls.shp "3 Feet"</Process><Process ToolSource="c:\program files\arcgis\pro\Resources\ArcToolbox\toolboxes\Analysis Tools.tbx\Erase" Date="20200426" Time="150900">Erase C:/Users/rajaoberison/Documents/ArcGIS.tmp/branford/circa/seawall/100yr\walls.shp C:/Users/rajaoberison/Documents/ArcGIS.tmp/branford/circa/seawall/100yr\both_ends_buffer.shp C:/Users/rajaoberison/Documents/ArcGIS.tmp/branford/circa/seawall/100yr\walls_unsplit.shp #</Process><Process ToolSource="c:\program files\arcgis\pro\Resources\ArcToolbox\toolboxes\Data Management Tools.tbx\MultipartToSinglepart" Date="20200426" Time="150900">MultipartToSinglepart C:/Users/rajaoberison/Documents/ArcGIS.tmp/branford/circa/seawall/100yr\walls_unsplit.shp C:/Users/rajaoberison/Documents/ArcGIS.tmp/branford/circa/seawall/100yr\walls_split.shp</Process><Process ToolSource="c:\program files\arcgis\pro\Resources\ArcToolbox\toolboxes\Data Management Tools.tbx\CopyFeatures" Date="20200426" Time="150901">CopyFeatures input_feature_lyr C:/Users/rajaoberison/Documents/ArcGIS.tmp/branford/circa/seawall/100yr\seawall_data.shp # # # #</Process><Process ToolSource="c:\program files\arcgis\pro\Resources\ArcToolbox\toolboxes\Data Management Tools.tbx\CopyFeatures" Date="20200426" Time="150903">CopyFeatures C:/Users/rajaoberison/Documents/ArcGIS.tmp/branford/circa/seawall/100yr\seawall_data.shp C:/Users/rajaoberison/Documents/ArcGIS.tmp/branford/circa/seawall/100yr\seawall_100yr.shp # # # #</Process><Process ToolSource="c:\program files\arcgis\pro\Resources\ArcToolbox\toolboxes\Conversion Tools.tbx\FeatureClassToFeatureClass" Date="20200426" Time="165649">FeatureClassToFeatureClass roads\seawall_100yr C:\Users\rajaoberison\Documents\ArcGIS\Projects\MyProject.gdb sw_04 # "Id "Id" true true false 6 Long 0 6,First,#,roads\seawall_100yr,Id,-1,-1" #</Process><Process ToolSource="c:\program files\arcgis\pro\Resources\ArcToolbox\toolboxes\Data Management Tools.tbx\CalculateField" Date="20200426" Time="170409">CalculateField sw_04 Id 11 "Python 3" #</Process><Process ToolSource="c:\program files\arcgis\pro\Resources\ArcToolbox\toolboxes\Data Management Tools.tbx\Dissolve" Date="20200426" Time="170514">Dissolve sw_04 C:\Users\rajaoberison\Documents\ArcGIS\Projects\MyProject.gdb\sw_04_Dissolve Id # MULTI_PART DISSOLVE_LINES</Process><Process ToolSource="c:\program files\arcgis\pro\Resources\ArcToolbox\toolboxes\Conversion Tools.tbx\FeatureClassToFeatureClass" Date="20200426" Time="170836">FeatureClassToFeatureClass sw_04_Dissolve C:\Users\rajaoberison\Documents\ArcGIS.tmp\branford\circa\project-04 sw-04.shp # "Id "Id" true true false 4 Long 0 0,First,#,sw_04_Dissolve,Id,-1,-1" #</Process><Process ToolSource="c:\program files\arcgis\pro\Resources\ArcToolbox\toolboxes\Data Management Tools.tbx\CopyMultiple" Date="20200525" Time="211225">CopyMultiple "C:\Users\rajaoberison\Documents\ArcGIS.tmp\branford\circa\project-04\floodplain-04.shp shapefile_polygon;C:\Users\rajaoberison\Documents\ArcGIS.tmp\branford\circa\project-04\rd-04.shp shapefile_line;C:\Users\rajaoberison\Documents\ArcGIS.tmp\branford\circa\project-04\sg-04.shp shapefile_line;C:\Users\rajaoberison\Documents\ArcGIS.tmp\branford\circa\project-04\sw-04.shp shapefile_line" C:\Users\rajaoberison\Documents\ArcGIS.tmp\branford\state\project-02 floodplain-04;rd-04;sg-04;sw-04 "floodplain-04 FeatureClass floodplain-04.shp #;rd-04 FeatureClass rd-04.shp #;sg-04 FeatureClass sg-04.shp #;sw-04 FeatureClass sw-04.shp #"</Process><Process ToolSource="c:\program files\arcgis\pro\Resources\ArcToolbox\toolboxes\Data Management Tools.tbx\Rename" Date="20200525" Time="211257">Rename C:\Users\rajaoberison\Documents\ArcGIS.tmp\branford\state\project-02\sw-04.shp C:\Users\rajaoberison\Documents\ArcGIS.tmp\branford\state\project-02\sw-02.shp ShapeFile</Process><Process ToolSource="c:\program files\arcgis\pro\Resources\ArcToolbox\toolboxes\Data Management Tools.tbx\Rename" Date="20200526" Time="013522">Rename C:\Users\rajaoberison\Documents\ArcGIS.tmp\branford\state\project-04\sw-02.shp C:\Users\rajaoberison\Documents\ArcGIS.tmp\branford\state\project-04\sw-04.shp ShapeFile</Process><Process ToolSource="c:\program files\arcgis\pro\Resources\ArcToolbox\Toolboxes\Data Management Tools.tbx\CopyMultiple" Date="20200620" Time="200306">CopyMultiple "C:\Users\rajaoberison\Documents\ArcGIS.tmp\branford\circa\project-04\floodplain-04.shp shapefile_polygon;C:\Users\rajaoberison\Documents\ArcGIS.tmp\branford\circa\project-04\rd-04.shp shapefile_line;C:\Users\rajaoberison\Documents\ArcGIS.tmp\branford\circa\project-04\sg-04.shp shapefile_line;C:\Users\rajaoberison\Documents\ArcGIS.tmp\branford\circa\project-04\sw-04.shp shapefile_line" C:\Users\rajaoberison\Documents\ArcGIS.tmp\tutorial\templates floodplain-04;rd-04;sg-04;sw-04 "floodplain-04 FeatureClass floodplain-04.shp #;rd-04 FeatureClass rd-04.shp #;sg-04 FeatureClass sg-04.shp #;sw-04 FeatureClass sw-04.shp #"</Process><Process ToolSource="c:\program files\arcgis\pro\Resources\ArcToolbox\Toolboxes\Data Management Tools.tbx\Rename" Date="20200620" Time="201807">Rename C:\Users\rajaoberison\Documents\ArcGIS.tmp\tutorial\templates\sw-04.shp C:\Users\rajaoberison\Documents\ArcGIS.tmp\tutorial\templates\sw.shp ShapeFile</Process></lineage><copyHistory><copy source="C:\Users\rajaoberison\Documents\ArcGIS.tmp\branford\circa\project-04\sw-04" dest="\\ARISLAND120619\C$\Users\rajaoberison\Documents\ArcGIS.tmp\tutorial\templates\sw-04" date="20200620" time="20030600"></copy></copyHistory></DataProperties><SyncDate>20200426</SyncDate><SyncTime>17083500</SyncTime><ModDate>20200426</ModDate><ModTime>17083500</ModTime></Esri><dataIdInfo><envirDesc Sync="TRUE">Microsoft Windows 10 Version 10.0 (Build 18363) ; Esri ArcGIS 12.4.0.19948</envirDesc><dataLang><languageCode value="eng" Sync="TRUE"></languageCode><countryCode value="USA" Sync="TRUE"></countryCode></dataLang><idCitation><resTitle Sync="TRUE">sw-04</resTitle><presForm><PresFormCd value="005" Sync="TRUE"></PresFormCd></presForm></idCitation><spatRpType><SpatRepTypCd value="001" Sync="TRUE"></SpatRepTypCd></spatRpType></dataIdInfo><mdLang><languageCode value="eng" Sync="TRUE"></languageCode><countryCode value="USA" Sync="TRUE"></countryCode></mdLang><mdChar><CharSetCd value="004" Sync="TRUE"></CharSetCd></mdChar><distInfo><distFormat><formatName Sync="TRUE">Shapefile</formatName></distFormat><distTranOps><transSize Sync="TRUE">0.000</transSize></distTranOps></distInfo><mdHrLv><ScopeCd value="005" Sync="TRUE"></ScopeCd></mdHrLv><mdHrLvName Sync="TRUE">dataset</mdHrLvName><refSysInfo><RefSystem><refSysID><identCode code="6434" Sync="TRUE"></identCode><idCodeSpace Sync="TRUE">EPSG</idCodeSpace><idVersion Sync="TRUE">8.2.10(10.3.1)</idVersion></refSysID></RefSystem></refSysInfo><spatRepInfo><VectSpatRep><geometObjs Name="sw-04"><geoObjTyp><GeoObjTypCd value="002" Sync="TRUE"></GeoObjTypCd></geoObjTyp><geoObjCnt Sync="TRUE">0</geoObjCnt></geometObjs><topLvl><TopoLevCd value="001" Sync="TRUE"></TopoLevCd></topLvl></VectSpatRep></spatRepInfo><spdoinfo><ptvctinf><esriterm Name="sw-04"><efeatyp Sync="TRUE">Simple</efeatyp><efeageom code="3" Sync="TRUE"></efeageom><esritopo Sync="TRUE">FALSE</esritopo><efeacnt Sync="TRUE">0</efeacnt><spindex Sync="TRUE">FALSE</spindex><linrefer Sync="TRUE">FALSE</linrefer></esriterm></ptvctinf></spdoinfo><eainfo><detailed Name="sw-04"><enttyp><enttypl Sync="TRUE">sw-04</enttypl><enttypt Sync="TRUE">Feature Class</enttypt><enttypc Sync="TRUE">0</enttypc></enttyp><attr><attrlabl Sync="TRUE">FID</attrlabl><attalias Sync="TRUE">FID</attalias><attrtype Sync="TRUE">OID</attrtype><attwidth Sync="TRUE">4</attwidth><atprecis Sync="TRUE">0</atprecis><attscale Sync="TRUE">0</attscale><attrdef Sync="TRUE">Internal feature number.</attrdef><attrdefs Sync="TRUE">Esri</attrdefs><attrdomv><udom Sync="TRUE">Sequential unique whole numbers that are automatically generated.</udom></attrdomv></attr><attr><attrlabl Sync="TRUE">Shape</attrlabl><attalias Sync="TRUE">Shape</attalias><attrtype Sync="TRUE">Geometry</attrtype><attwidth Sync="TRUE">0</attwidth><atprecis Sync="TRUE">0</atprecis><attscale Sync="TRUE">0</attscale><attrdef Sync="TRUE">Feature geometry.</attrdef><attrdefs Sync="TRUE">Esri</attrdefs><attrdomv><udom Sync="TRUE">Coordinates defining the features.</udom></attrdomv></attr><attr><attrlabl Sync="TRUE">Id</attrlabl><attalias Sync="TRUE">Id</attalias><attrtype Sync="TRUE">Integer</attrtype><attwidth Sync="TRUE">10</attwidth><atprecis Sync="TRUE">10</atprecis><attscale Sync="TRUE">0</attscale></attr></detailed></eainfo><mdDateSt Sync="TRUE">20200426</mdDateSt></metadata>
